<!DOCTYPE struts PUBLIC
"-//Apache Software Foundation//DTD Struts Configuration 2.0//EN"
"http://struts.apache.org/dtds/struts-2.0.dtd">

<struts>
    <!-- Configuration for the default package. -->
    <package name="default" extends="struts-default">
        <action name="login" class="com.pritient.forward.LoginAction">
            <result name="success">/jsp/dashboard.jsp</result>
            <result name="failed">/index.jsp</result>
        </action>
        
        <action name="getproduct" class="com.pritient.forward.ProductAction" method="getProducts">
            <result name="success">/jsp/product.jsp</result>
            <result name="failed">/index.jsp</result>
        </action>
        
        <action name="saveProduct" class="com.pritient.forward.ProductAction" >
            <result name="success">/jsp/product.jsp</result>
            <result name="failed">/index.jsp</result>
        </action>
        
        <action name="purchase" class="com.pritient.forward.PurchaseAction" >
            <result name="success">/jsp/purchase.jsp</result>
            <result name="failed">/index.jsp</result>
        </action>
        
        <action name="getvoucher" class="com.pritient.forward.VoucherAction" >
            <result name="success">/jsp/voucher.jsp</result>
            <result name="failed">/index.jsp</result>
        </action>
        
        <action name="savePurchase" class="com.pritient.forward.PurchaseAction" method="savePurchase" >
            <result name="success">/jsp/purchase.jsp</result>
            <result name="failed">/index.jsp</result>
        </action>
        
        <action name="getaddressbook" class="com.pritient.forward.AddressBookAction" >
            <result name="success">/jsp/addressbook.jsp</result>
            <result name="failed">/index.jsp</result>
        </action>
        <action name="saveCompany" class="com.pritient.forward.AddressBookAction" method="addCompanyAddress">
            <result name="success" type="chain">getaddressbook</result>
            <result name="failed">/index.jsp</result>
        </action>
        <action name="getCompanyDetails" class="com.pritient.forward.AddressBookAction" method="getCompanyDetails">
            <result type="stream">
                <param name="contentType">text/plain</param>
            </result>
        </action>
        
        <action name="updateCompany" class="com.pritient.forward.AddressBookAction" method="updateCompanyDetails">
            <result name="success" type="chain">getaddressbook</result>
            <result name="failed">/index.jsp</result>
        </action>
        
        <action name="updateVoucher" class="com.pritient.forward.VoucherAction" method="updateVoucher">
            <result name="success" type="chain">getvoucher</result>
            <result name="failed">/index.jsp</result>
        </action>
        
        <action name="invoice" class="com.pritient.forward.InvoiceAction" >
            <result name="success">/jsp/invoice.jsp</result>
            <result name="failed">/index.jsp</result>
        </action>
        
        <action name="getPrintList" class="com.pritient.forward.PrintAction" >
            <result name="success">/jsp/print.jsp</result>
            <result name="failed">/index.jsp</result>
        </action>
        
        
        <action name="saveInvoice" class="com.pritient.forward.InvoiceAction" method="saveInvoiceAction" >
            <result type="chain"> invoice</result>
            <result name="failed">/index.jsp</result>
        </action>
        
        
        <action name="printInvoice" class="com.pritient.forward.InvoiceAction" method="printInvoice"  >
            <result type="stream">
                <param name="contentType">text/plain</param>
            </result>
        </action>
        
        
        <action name="getPendingInvoiceList" class="com.pritient.forward.VoucherAction" method="getPendingInvoice"  >
           <result type="stream">
                <param name="contentType">text/plain</param>
            </result>
        </action>
        
        <action name="getPendingPurchaseList" class="com.pritient.forward.VoucherAction" method="getPendingPurchase"  >
           <result type="stream">
                <param name="contentType">text/plain</param>
            </result>
        </action>
        
        
        
        
        <action name="myProfile" class="com.pritient.forward.MyProfileAction" >
            <result name="success">/jsp/myProfile.jsp</result>
            <result name="failed">/index.jsp</result>
        </action>
        
        <action name="dashboard" class="com.pritient.forward.DashboardAction" >
            <result name="success">/jsp/dashboard.jsp</result>
            <result name="failed">/index.jsp</result>
        </action>
        
        
        <action name="updateDetails" class="com.pritient.forward.MyProfileAction" method="updateMyDetails" >
            <result name="success"  type="chain"> myProfile</result>
            <result name="failed">/index.jsp</result>
        </action>
        
    </package>
</struts>
