<?xml version="1.0" encoding="UTF-8"?>
<project-private xmlns="http://www.netbeans.org/ns/project-private/1">
    <editor-bookmarks xmlns="http://www.netbeans.org/ns/editor-bookmarks/2" lastBookmarkId="0"/>
    <open-files xmlns="http://www.netbeans.org/ns/projectui-open-files/2">
        <group>
            <file>file:/C:/Users/nishant.vibhute.WEBACCESS/Documents/NetBeansProjects/PritiEnterprises/src/java/com/pritient/forward/InvoiceAction.java</file>
            <file>file:/C:/Users/nishant.vibhute.WEBACCESS/Documents/NetBeansProjects/PritiEnterprises/src/java/com/pritient/util/ConvertToPdf.java</file>
            <file>file:/C:/Users/nishant.vibhute.WEBACCESS/Documents/NetBeansProjects/PritiEnterprises/src/java/com/pritient/util/CommonUtil.java</file>
            <file>file:/C:/Users/nishant.vibhute.WEBACCESS/Documents/NetBeansProjects/PritiEnterprises/web/jsp/invoice.jsp</file>
            <file>file:/C:/Users/nishant.vibhute.WEBACCESS/Documents/NetBeansProjects/PritiEnterprises/src/java/com/pritient/util/DBUtil.java</file>
        </group>
    </open-files>
</project-private>
