<?xml version="1.0" encoding="UTF-8"?>
<project-private xmlns="http://www.netbeans.org/ns/project-private/1">
    <editor-bookmarks xmlns="http://www.netbeans.org/ns/editor-bookmarks/2" lastBookmarkId="0"/>
    <open-files xmlns="http://www.netbeans.org/ns/projectui-open-files/2">
        <group>
            <file>file:/C:/Users/nishant.vibhute.WEBACCESS/Documents/NetBeansProjects/PritiEnterprises/src/java/struts.xml</file>
            <file>file:/C:/Users/nishant.vibhute.WEBACCESS/Documents/NetBeansProjects/PritiEnterprises/web/js/invoice.js</file>
            <file>file:/C:/Users/nishant.vibhute.WEBACCESS/Documents/NetBeansProjects/PritiEnterprises/src/java/com/pritient/forward/AddressBookAction.java</file>
            <file>file:/C:/Users/nishant.vibhute.WEBACCESS/Documents/NetBeansProjects/PritiEnterprises/src/java/com/pritient/bean/dao/InvoiceDao.java</file>
            <file>file:/C:/Users/nishant.vibhute.WEBACCESS/Documents/NetBeansProjects/PritiEnterprises/src/java/com/pritient/forward/InvoiceAction.java</file>
            <file>file:/C:/Users/nishant.vibhute.WEBACCESS/Documents/NetBeansProjects/PritiEnterprises/src/java/com/pritient/bean/PaymentBean.java</file>
            <file>file:/C:/Users/nishant.vibhute.WEBACCESS/Documents/NetBeansProjects/PritiEnterprises/web/jsp/addressbook.jsp</file>
            <file>file:/C:/Users/nishant.vibhute.WEBACCESS/Documents/NetBeansProjects/PritiEnterprises/src/java/com/pritient/forward/VoucherAction.java</file>
            <file>file:/C:/Users/nishant.vibhute.WEBACCESS/Documents/NetBeansProjects/PritiEnterprises/web/jsp/invoice.jsp</file>
            <file>file:/C:/Users/nishant.vibhute.WEBACCESS/Documents/NetBeansProjects/PritiEnterprises/web/jsp/voucher.jsp</file>
            <file>file:/C:/Users/nishant.vibhute.WEBACCESS/Documents/NetBeansProjects/PritiEnterprises/src/java/com/pritient/bean/dao/PaymentDao.java</file>
        </group>
    </open-files>
</project-private>
